Leave_Probability,Risk_Tier
0.8484186065849826,Low
0.9472276603655714,Moderate
0.7001627908676291,Low
0.9399180879915305,Moderate
0.9402135766702479,Moderate
0.5466722596505867,Low
0.9450840952275926,Moderate
0.9377104864500299,Moderate
0.9444217344635615,Moderate
0.9343054758264647,Moderate
0.6117508326793123,Low
0.934703279516964,Moderate
0.9243838341217667,Moderate
0.9328165389282976,Moderate
0.9360104492088543,Moderate
0.780545699912392,Low
0.8365339543693954,Low
0.9481497594435495,High
0.8545181267170061,Low
0.7959447297933738,Low
0.934704510167173,Moderate
0.9373527006732613,Moderate
0.9278697808196871,Moderate
0.6986803400732702,Low
0.7401547487554485,Low
0.9352728847884718,Moderate
0.8219917879076204,Low
0.9429160515565127,Moderate
0.9233995636335673,Moderate
0.9332012173706652,Moderate
0.9464975421074789,Moderate
0.9509930043870337,High
0.9482545975226433,High
0.9359958264296179,Moderate
0.5125937450497672,Low
0.9413283502021897,Moderate
0.9514052884614639,High
0.8553516949932046,Low
0.40685195842970034,Low
0.94130326110891,Moderate
0.8298625223323102,Low
0.8179286434904909,Low
0.945236520982995,Moderate
0.9413503649229011,Moderate
0.39556647879684115,Low
0.9455584268949581,Moderate
0.4558305751778098,Low
0.4833943826317457,Low
0.8347184086789055,Low
0.4734134725403196,Low
0.9270539054148769,Moderate
0.8225730634063492,Low
0.9202040978007144,Moderate
0.6271429269834139,Low
0.9157799673950509,Moderate
0.841414843256924,Low
0.684805186628791,Low
0.9478662234549105,Moderate
0.9184526472287895,Moderate
0.8833280183077042,Low
0.9334388436016364,Moderate
0.37690110404756527,Low
0.9439046439107653,Moderate
0.9441183086528023,Moderate
0.5780767542869011,Low
0.693866038387356,Low
0.9042904539054093,Moderate
0.8023395655868794,Low
0.9444828043656445,Moderate
0.7538311840765595,Low
0.8184475418155366,Low
0.8684906264340653,Low
0.7266768479735206,Low
0.9135981811740165,Moderate
0.8657987979531332,Low
0.9441834888770932,Moderate
0.9497147966778653,High
0.8007150934528879,Low
0.8905973057962631,Moderate
0.6279799189593365,Low
0.9500480547815868,High
0.9071650773393071,Moderate
0.8600708299324166,Low
0.8955921102224949,Moderate
0.87599961806728,Low
0.9177790974849959,Moderate
0.8180849241435162,Low
0.9112563110635769,Moderate
0.9421155611014898,Moderate
0.944393382326156,Moderate
0.9378896669815376,Moderate
0.7321344953521924,Low
0.9004779941249278,Moderate
0.8107817392720231,Low
0.9243855000987153,Moderate
0.69861907554734,Low
0.9278659540103069,Moderate
0.9357442694835568,Moderate
0.7252970626131293,Low
0.9112454636920293,Moderate
0.7541010065516619,Low
0.9378544896533296,Moderate
0.8805750477797777,Low
0.889951080802855,Low
0.9360224399684953,Moderate
0.8476626321583234,Low
0.9333772795054143,Moderate
0.5908097676980896,Low
0.933359310937767,Moderate
0.9503465993287193,High
0.3666243133509678,Low
0.5604278202522804,Low
0.9424033968573765,Moderate
0.9227998642722427,Moderate
0.5117919114068864,Low
0.9424867425252026,Moderate
0.6230741423705748,Low
0.9503869444919882,High
0.9502627154629999,High
0.821415599777482,Low
0.781591953940475,Low
0.9385989540884897,Moderate
0.6783115690253363,Low
0.9487316064440898,High
0.7556688831610757,Low
0.5658066838216338,Low
0.8793461375709298,Low
0.9156435190195776,Moderate
0.9412540444131832,Moderate
0.8708705040342186,Low
0.9507558972096132,High
0.6084773958231798,Low
0.9449487572398244,Moderate
0.9219060361369822,Moderate
0.9424259691245022,Moderate
0.9423015741884744,Moderate
0.8870261843913141,Low
0.745529887742692,Low
0.6226035244320656,Low
0.9173090627963677,Moderate
0.5485240993435678,Low
0.6374468635158641,Low
0.9509729028311719,High
0.8900753475611985,Moderate
0.9439070582607415,Moderate
0.9107847342628154,Moderate
0.9322203375645379,Moderate
0.4984096625896165,Low
0.8128747203627821,Low
0.5575616279950183,Low
0.8281943976967302,Low
0.9428132198531147,Moderate
0.9214042708582334,Moderate
0.6609077660307519,Low
0.5442931738771531,Low
0.6611938220756874,Low
0.780089343936931,Low
0.9146314757968537,Moderate
0.9502622984582262,High
0.9222532014935445,Moderate
0.9453645968890642,Moderate
0.9258372694714234,Moderate
0.94839012918205,High
0.7640211955343803,Low
0.950613259560066,High
0.7954884014587814,Low
0.8518556758281507,Low
0.9490763245164454,High
0.9352019076035415,Moderate
0.9411499961850093,Moderate
0.9268745117410682,Moderate
0.9500404139366068,High
0.6865836812719271,Low
0.8996194720444883,Moderate
0.9299034729769573,Moderate
0.8070661837980804,Low
0.934878722508186,Moderate
0.9429372836100127,Moderate
0.915260536514345,Moderate
0.5540800618030987,Low
0.8720037952318194,Low
0.9095522873075016,Moderate
0.9305395064737767,Moderate
0.9386927932639086,Moderate
0.9052923020912681,Moderate
0.9255078049838992,Moderate
0.6608361804702438,Low
0.9177447911774426,Moderate
0.9443829326013555,Moderate
0.931607277981775,Moderate
0.950093265942836,High
0.751373687634717,Low
0.7275494569547818,Low
0.7504419407478532,Low
0.9348258090033695,Moderate
0.8609706188915224,Low
0.548209380537745,Low
0.938114813600584,Moderate
0.9414325447981139,Moderate
0.93797657092324,Moderate
0.8001665738829209,Low
0.9395816137165852,Moderate
0.4401764974126713,Low
0.9484007435463773,High
0.9506381821444116,High
0.8809149592012774,Low
0.8635246525694342,Low
0.9457735024225411,Moderate
0.8819897843076632,Low
0.8719611885630597,Low
0.8494726114404954,Low
0.6885307890457887,Low
0.9336659298428749,Moderate
0.8774079410937922,Low
0.8642321855807942,Low
0.934183346563053,Moderate
0.9109728967960937,Moderate
0.9492550577985072,High
0.5867263905913834,Low
0.9496631151429248,High
0.9419465327309109,Moderate
0.5312668222493881,Low
0.9505932764314172,High
0.3768206269784784,Low
0.7757249358450421,Low
0.4334542742321682,Low
0.9000542983174167,Moderate
0.9358706001796802,Moderate
0.9409829955237111,Moderate
0.9378845086254652,Moderate
0.36881228528086596,Low
0.7419902790310521,Low
0.9246940273333984,Moderate
0.922967647534294,Moderate
0.9058584066243525,Moderate
0.9368774328571742,Moderate
0.9515518313122066,High
0.8154981187225949,Low
0.9243699167371868,Moderate
0.9320981988873704,Moderate
0.6167436060915737,Low
0.9311300915723585,Moderate
0.5464409762486573,Low
0.9508175234774943,High
0.9268249337354248,Moderate
0.5590402998192723,Low
0.948355051873369,High
0.7774465935232712,Low
0.9386174463857151,Moderate
0.9168208477424803,Moderate
0.8412140032469436,Low
0.9329546494494629,Moderate
0.7763782520761029,Low
0.9327622255721253,Moderate
0.8657832840333586,Low
0.950067396773811,High
0.9457839439766933,Moderate
0.8074643983123938,Low
0.5273004367890505,Low
0.9454324139731035,Moderate
0.9037141261678225,Moderate
0.9163427756673274,Moderate
0.8610250867766329,Low
0.591052173385931,Low
0.9182383109890363,Moderate
0.9153865430711665,Moderate
0.9478117570129673,Moderate
0.9430748209272085,Moderate
0.8338913341291851,Low
0.9042671949673622,Moderate
0.9345470461803351,Moderate
0.9503911768084787,High
0.9439415591168417,Moderate
0.38542338820876487,Low
0.857097277121511,Low
0.8807581522775292,Low
0.8821556569424472,Low
0.8535092987660755,Low
0.9497654070603077,High
0.8158979946993936,Low
0.9512462122449131,High
0.4926312464590975,Low
0.6462886379957584,Low
0.9133855528141405,Moderate
0.6556604583911156,Low
0.9434996118055556,Moderate
0.5595375870272093,Low
0.9441904120674872,Moderate
0.939823533751579,Moderate
0.9414043697785975,Moderate
0.9066613866937819,Moderate
0.8645852188488679,Low
0.9287666544082833,Moderate
0.7023968079813088,Low
